initiative_id,act_id,phase,notes
304233,40490,Votação na generalidade,
304233,,Votação final global,
304233,,Requerimento dispensa do prazo previsto Artº 157 RAR,"Requerimento, apresentado pelo PSD, solicitando a dispensa do prazo para apresentação de reclamações contra inexatidões relativamente ao Decreto da Assembleia da República n.º 20/XVI/1.ª - Lei das Grandes Opções para 2024-2028; e do Decreto da Assembleia da República n.º 21/XVI/1.ª - Orçamento do Estado para 2025"
284017,,Votação na generalidade,
284017,,Requerimento avocação plenário,
284017,40435,Votação na especialidade,
284017,40459,Votação final global,
314619,,Votação global,
304312,,Votação na generalidade,
314435,,Votação na generalidade,
304360,,Votação na generalidade,
263567,,Votação na generalidade,
263567,,Votação final global,
263667,,Votação na generalidade,
263667,,Votação final global,
263594,,Votação na generalidade,
263594,,Votação final global,"Texto Final apresentado pela Comissão de Orçamento, Finanças e Administração Pública"
263621,,Votação na generalidade,
263621,,Requerimento avocação plenário,
263545,,Votação Deliberação,
263504,,Votação Deliberação,
263772,,Votação na generalidade,
263772,,Votação final global,
263714,,Votação na generalidade,
263714,,Votação final global,
263617,,Votação Deliberação,
263777,30133,Votação na generalidade,
263777,,Votação final global,
263717,,Votação na generalidade,
263717,,Votação final global,
263616,30101,Votação na generalidade,
263587,,Votação Deliberação,
263796,,Votação na generalidade,
263796,,Votação final global,
263592,,Votação na generalidade,
263630,,Votação Deliberação,
263868,30128,Votação na generalidade,
263868,,Votação final global,"Texto Final apresentado pela Comissão de Assuntos Constitucionais, Direitos, Liberdades e Garantias relativo ao Projeto de Resolução n.º 172/XVI/1.ª (CH) "
263601,,Votação na generalidade,
263670,,Votação na generalidade,
263634,,Votação na generalidade,
263661,30095,Votação na generalidade,
263635,,Votação na generalidade,
263658,,Votação na generalidade,
263866,30140,Votação na generalidade,
263866,,Votação final global,
273895,,Votação na generalidade,
273895,40375,Votação final global,
263825,,Votação Deliberação,
263669,,Votação na generalidade,
263711,,Votação Deliberação,
263734,,Votação na generalidade,
263884,,Votação na generalidade,
263884,,Votação final global,"Texto Final apresentado pela Comissão de Assuntos Constitucionais, Direitos, Liberdades e Garantias"
273918,,Votação na generalidade,
273918,,Votação final global,
263887,,Votação na generalidade,
263887,,Votação final global,"Texto Final apresentado pela Comissão de Assuntos Constitucionais, Direitos, Liberdades e Garantias relativo aos Projetos de Resolução n.ºs 185/XVI/1.ª (BE) e 188/XVI/1.ª (PS) "
263819,,Votação Deliberação,
263712,,Votação na generalidade,
263792,,Votação Deliberação,
263774,,Votação na generalidade,
263715,30096,Votação na generalidade,
263853,,Votação Deliberação,
263751,,Votação Deliberação,
263721,,Votação na generalidade,
263794,,Discussão generalidade,
263820,,Votação Deliberação,
263849,,Votação Deliberação,
263857,,Requerimento Baixa Comissão sem Votação (Generalidade),"Requerimento, apresentado pelo PSD, solicitando a baixa à Comissão de Assuntos Constitucionais, Direitos, Liberdade e Garantias, sem votação, por 30 dias"
263755,,Votação na generalidade,
263876,,Votação na generalidade,
263876,,Votação final global,
283995,,Votação na generalidade,
283995,,Votação final global,"Texto Final apresentado pela Comissão de Assuntos Constitucionais, Direitos, Liberdades e Garantias relativo aos Projetos de Resolução n.ºs 233/XVI/1.ª (BE) e  251/XVI/1.ª (CH)"
273973,,Votação na generalidade,
273973,,Votação final global,"Texto Final apresentado pela Comissão de Assuntos Constitucionais, Direitos, Liberdades e Garantias relativo aos Projetos de Resolução n.ºs 233/XVI/1.ª (BE) e  251/XVI/1.ª (CH)"
263880,,Votação na generalidade,
263865,,Votação na generalidade,
284022,,Votação na generalidade,
284022,,Votação final global,
273957,,Votação Deliberação,
263886,,Votação na generalidade,
273974,,Votação Deliberação,
284060,,Votação na generalidade,
284060,,Votação final global,"Texto Final apresentado pela Comissão de Trabalho, Segurança Social e Inclusão"
283981,,Votação Deliberação,
273939,,Votação Deliberação,
263885,,Votação na generalidade,
284045,,Votação na generalidade,
284045,,Votação final global,
284088,,Votação na generalidade,
284088,,Votação final global,"Texto final apresentado pela Comissão de Saúde relativo aos Projetos de Resolução n.º 298/XVI/1.ª (CDS-PP), n.º 350/XVI/1.ª (PAN), n.º 361/XVI/1.ª (PCP), n.º 368/XVI/1.ª (L) e n.º 377/XVI/1.ª (BE) "
284048,,Votação na generalidade,
284048,,Votação final global,
284096,,Votação na generalidade,
284096,,Votação final global,
283977,,Votação na generalidade,
284004,,Votação na generalidade,
284004,,Votação final global,
284074,,Votação na generalidade,
284074,,Votação final global,
273952,,Votação na generalidade,
273944,,Votação Deliberação,
283989,40888,Votação na generalidade,
294132,,Votação na generalidade,
294132,,Votação final global,"Texto Final apresentado pela Comissão de Educação e Ciência relativo aos Projetos de Resolução n.º 323/XVI/1.ª (PS), n.º 326/XVI/1.ª (BE) e n.º 327/XVI/1.ª (PAN) "
284002,,Votação Deliberação,
284016,,Votação Deliberação,
304139,,Votação na generalidade,
304139,,Votação final global,
294125,,Votação na generalidade,
294125,,Votação final global,
284089,,Votação Deliberação,
284091,,Votação Deliberação,
294112,,Votação Deliberação,
284023,,Votação Deliberação,
294104,,Votação Deliberação,
294105,,Votação Deliberação,
304154,,Votação na generalidade,
304154,,Votação final global,Texto Final apresentado pela Comissão de Agricultura e Pescas relativo ao Projeto de Resolução n.º 339/XVI/1.ª (L)
304166,,Votação na generalidade,
304166,,Votação final global,
294115,,Votação Deliberação,
304173,,Votação na generalidade,
304173,,Votação final global,"Texto final apresentado pela Comissão de Saúde relativo aos Projetos de Resolução n.º 298/XVI/1.ª (CDS-PP), n.º 350/XVI/1.ª (PAN), n.º 361/XVI/1.ª (PCP), n.º 368/XVI/1.ª (L) e n.º 377/XVI/1.ª (BE) "
294100,,Votação na generalidade,
304204,,Votação na generalidade,
304204,,Votação final global,"Texto Final apresentado pela Comissão de Economia, Obras Públicas e Habitação relativo ao Projeto de Resolução n.º 372/XVI/1.ª (L)"
304213,,Votação na generalidade,
304213,,Votação final global,"Texto final apresentado pela Comissão de Saúde relativo aos Projetos de Resolução n.º 298/XVI/1.ª (CDS-PP), n.º 350/XVI/1.ª (PAN), n.º 361/XVI/1.ª (PCP), n.º 368/XVI/1.ª (L) e n.º 377/XVI/1.ª (BE) "
284070,,Votação na generalidade,
284078,,Votação Deliberação,
284072,,Votação na generalidade,
304243,40457,Votação na generalidade,
304243,,Votação final global,
304289,,Votação na generalidade,
304289,,Votação final global,"Texto Final apresentado pela Comissão de Cultura, Comunicação, Juventude e Desporto relativo aos Projetos de Resolução n.ºs 400/XVI/1.ª (PCP) e 418/XVI/1.ª (PS)"
304238,,Votação na generalidade,
304238,,Votação final global,
294109,40887,Votação na generalidade,
304179,,Votação na generalidade,
304179,,Votação final global,
304294,,Votação na generalidade,
304294,,Votação final global,
304161,,Votação Deliberação,
304302,,Votação na generalidade,
304302,,Votação final global,
304325,,Votação na generalidade,
304325,,Votação final global,"Texto Final apresentado pela Comissão de Economia, Obras Públicas e Habitação relativo ao Projeto de Resolução n.º 442/XVI/1.ª (PSD)"
294140,,Votação na generalidade,
304147,,Votação na generalidade,
304287,,Votação Deliberação,
304331,,Votação na generalidade,
304331,,Votação final global,"Texto final apresentado pela Comissão de Saúde relativo aos Projetos de Resolução n.º 242/XVI/1.ª (CH), n.º 446/XVI/1.ª (PS), n.º 454/XVI/1.ª (PAN), n.º 457/XVI/1.ª (PCP) e n.º 460/XVI/1.ª (L)"
304186,,Votação na generalidade,
304298,,Votação Deliberação,
304345,,Votação na generalidade,
304345,,Votação final global,"Texto final apresentado pela Comissão de Saúde relativo aos Projetos de Resolução n.º 242/XVI/1.ª (CH), n.º 446/XVI/1.ª (PS), n.º 454/XVI/1.ª (PAN), n.º 457/XVI/1.ª (PCP) e n.º 460/XVI/1.ª (L)"
304183,,Votação na generalidade,
304350,,Votação na generalidade,
304350,,Votação final global,"Texto final apresentado pela Comissão de Saúde relativo aos Projetos de Resolução n.º 242/XVI/1.ª (CH), n.º 446/XVI/1.ª (PS), n.º 454/XVI/1.ª (PAN), n.º 457/XVI/1.ª (PCP) e n.º 460/XVI/1.ª (L)"
304202,,Votação na generalidade,
304388,,Votação na generalidade,
304388,,Requerimento avocação plenário,
304388,,Votação na especialidade,
304388,,Votação final global,
304318,,Votação na generalidade,
314437,,Votação na generalidade,
314437,,Votação final global,
304269,,Votação Deliberação,
304275,,Votação Deliberação,
304255,,Votação na generalidade,
304293,,Votação Deliberação,
304308,,Votação Deliberação,
304315,,Votação na generalidade,
304333,,Votação na generalidade,
304385,,Votação na generalidade,
314505,,Votação na generalidade,
314505,,Votação final global,
314521,,Votação na generalidade,
314521,,Votação final global,"Texto Final relativo aos Projetos de Resolução n.º 528/XVI/1.ª (BE), n.º 541/XVI/1.ª (PAN) e n.º 552/XVI/1.ª (L), apresentado pela Comissão de Assuntos Constitucionais, Direitos, Liberdades e Garantias "
314510,,Votação na generalidade,
314510,,Votação final global,
304391,,Votação na generalidade,
314427,,Votação Deliberação,
314419,,Votação Deliberação,
314462,,Votação na generalidade,
314441,,Votação na generalidade,
314526,,Votação Deliberação,
314551,,Votação na generalidade,
314551,,Votação final global,"Texto Final apresentado pela Comissão de Economia, Obras Públicas e Habitação relativo aos Projetos de Resolução n.º 409/XVI/1.ª (PSD) e n.º 563/XVI/1.ª (CDS-PP) "
314479,,Votação na generalidade,
314515,,Votação na generalidade,
314568,,Votação na generalidade,
314496,,Votação na generalidade,
314546,,Votação na generalidade,
314667,,Votação na generalidade,
314667,,Votação final global,Texto Final apresentado pela Comissão de Negócios Estrangeiros e Comunidades Portuguesas
314525,,Votação na generalidade,
314541,,Votação na generalidade,
314611,,Votação na generalidade,
314618,,Votação Deliberação,
314514,,Votação na generalidade,
314670,,Votação Deliberação,
314523,,Votação na generalidade,
314688,,Votação na generalidade,
314688,,Votação final global,
314749,,Votação Deliberação,
314627,,Votação na generalidade,
314662,,Votação Deliberação,
314635,,Votação na generalidade,
314769,,Votação na generalidade,
314769,,Votação final global,
314643,,Votação na generalidade,
314735,,Votação na generalidade,
314713,,Votação Deliberação,
314766,,Votação na generalidade,
314766,,Requerimento avocação plenário,
314771,,Votação na generalidade,
314771,,Requerimento avocação plenário,
314772,,Votação na generalidade,
314772,,Requerimento avocação plenário,
314750,,Votação na generalidade,
314773,,Votação na generalidade,
314773,,Requerimento avocação plenário,
314819,,Votação na generalidade,
314731,,Votação Deliberação,
314791,,Votação Deliberação,
314792,,Votação Deliberação,
314870,,Votação na generalidade,
314863,,Votação na generalidade,
314862,,Votação na generalidade,
314865,,Votação na generalidade,
314869,,Votação na generalidade,
314881,,Votação na generalidade,
314951,,Votação Deliberação,
263678,,Requerimento Baixa Comissão sem Votação (Generalidade),
263653,,Votação na generalidade,
263653,,Votação final global,
314953,,Votação Deliberação,
314944,,Votação na generalidade,
314952,,Votação Deliberação,
314966,,Votação na generalidade,
315006,,Votação Deliberação,
263533,,Votação na generalidade,
263531,,Votação na generalidade,
263535,,Votação na generalidade,
263534,,Votação na generalidade,
263608,30092,Votação na generalidade,
315019,,Votação Deliberação,
263572,30089,Votação na generalidade,
263559,,Votação na generalidade,
263573,,Votação na generalidade,
263574,,Votação na generalidade,
263575,,Votação na generalidade,
263582,,Votação na generalidade,
263581,30116,Votação na generalidade,
263598,,Votação na generalidade,
263578,30114,Votação na generalidade,
263629,,Requerimento Baixa Comissão sem Votação (Generalidade),
273922,,Votação na generalidade,
273922,,Votação final global,
263652,,Votação na generalidade,
263754,,Requerimento Baixa Comissão sem Votação (Generalidade),
263754,,Votação na generalidade,
263657,,Votação na generalidade,
263723,,Requerimento Baixa Comissão sem Votação (Generalidade),
263723,,Votação na generalidade,
263659,,Votação na generalidade,
263686,,Votação na generalidade,
263690,,Votação na generalidade,
294146,,Requerimento Baixa Comissão sem Votação (Generalidade),"Requerimento, apresentado pela PS solicitando a baixa à Comissão de Poder Local e Coesão Territorial, sem votação, por 30 dias, do Projeto de Lei n.º 291/XVI/1.ª (PS)"
294146,,Votação na generalidade,
294146,,Votação na generalidade,
294146,,Votação na especialidade,
294146,,Votação final global,
263692,,Votação na generalidade,
263779,,Requerimento Baixa Comissão sem Votação (Generalidade),
263779,,Votação na generalidade,
263736,,Votação na generalidade,
294145,,Votação na generalidade,
294145,,Votação final global,
263740,,Votação na generalidade,
263742,,Votação na generalidade,
273910,,Votação na generalidade,
273910,,Votação final global,
273910,,Requerimento dispensa redação final,
294118,,Votação na generalidade,
294118,,Votação na especialidade,
294118,40882,Votação final global,
294144,,Votação na generalidade,
294144,,Votação final global,
294147,,Votação na generalidade,
294147,,Votação final global,Texto final apresentado pela Comissão de Poder Local e Coesão Territorial  relativo ao Projeto de Lei n.º 292/XVI/1.ª (PS)
273917,,Votação na generalidade,
263844,,Votação na generalidade,
263872,30127,Votação na generalidade,
263828,,Votação na generalidade,
284073,,Votação na generalidade,
284073,,Votação final global,
284073,,Requerimento dispensa redação final,
314589,,Votação na generalidade,
314589,,Votação final global,
314589,,Requerimento dispensa redação final,
273904,,Votação na generalidade,
284092,,Votação na generalidade,
284092,,Votação final global,
284092,,Requerimento dispensa redação final,
284049,,Votação na generalidade,
284049,,Requerimento avocação plenário,
284050,,Votação na generalidade,
284041,,Votação na generalidade,
284061,,Votação na generalidade,
294136,,Votação na generalidade,
284053,,Votação na generalidade,
304162,40912,Votação na generalidade,
304162,,Votação final global,"Texto Final apresentado pela Comissão de Trabalho, Segurança Social e Inclusão relativo aos Projetos de Lei n.º 305/XVI/1.ª (PAN) e n.º 316/XVI/1.ª (L) "
294130,40350,Votação na generalidade,
304192,40913,Votação na generalidade,
304191,,Votação na generalidade,
304208,,Votação na generalidade,
314617,,Votação na generalidade,
304367,,Votação na generalidade,
304386,,Votação na generalidade,
304390,,Votação na generalidade,
314426,,Requerimento Baixa Comissão sem Votação (Generalidade),
314392,,Votação na generalidade,
314522,,Requerimento Baixa Comissão sem Votação (Generalidade),
314554,,Votação na generalidade,
314544,,Requerimento Baixa Comissão sem Votação (Generalidade),"Requerimento, apresentado pelo PSD, solicitando a baixa à Comissão de Economia, Obras Públicas e Habitação, sem votação, por 60 dias, do Projeto de Lei n.º 434/XVI/1.ª (PSD)"
314586,,Votação na generalidade,
314497,,Votação na generalidade,
314654,,Votação na generalidade,
314585,,Votação na generalidade,
314595,,Votação na generalidade,
314621,,Votação na generalidade,
304245,,Votação Deliberação,
314634,,Votação na generalidade,
314645,,Votação na generalidade,
304258,,Votação Deliberação,
315021,,Votação na generalidade,
315021,,Votação na especialidade,
315021,,Votação final global,
314782,,Votação na generalidade,
314785,,Votação na generalidade,
263618,,Votação Deliberação,
314876,,Votação na generalidade,
314756,,Votação na generalidade,
314777,,Votação na generalidade,
314789,,Votação na generalidade,
263733,,Votação Deliberação,
304260,,Votação Deliberação,
304374,,Votação Deliberação,
273900,,Votação na generalidade,
273900,,Votação final global,
273900,,Requerimento dispensa do prazo previsto Artº 157 RAR,"Requerimento, apresentado pelo PSD, solicitando a dispensa do prazo para apresentação de reclamações contra inexatidões relativamente ao Decreto da Assembleia da República n.º 20/XVI/1.ª - Lei das Grandes Opções para 2024-2028; e do Decreto da Assembleia da República n.º 21/XVI/1.ª - Orçamento do Estado para 2025"
263602,,Requerimento Baixa Comissão sem Votação (Generalidade),
263602,,Votação na generalidade,
263602,,Votação na generalidade,
263602,,Votação na especialidade,
263602,,Votação final global,
314431,,Votação na generalidade,
314431,,Votação na especialidade,
314431,,Votação final global,
263808,,Votação na generalidade,
263808,,Votação na especialidade,
263808,,Votação final global,
294131,,Votação na generalidade,
294131,,Votação final global,
294131,,Requerimento dispensa redação final,
284024,,Votação na generalidade,
284024,,Votação na especialidade,
284024,,Votação final global,
284024,,Requerimento dispensa redação final,
304359,,Votação na generalidade,
304359,,Votação na especialidade,
304359,,Votação final global,
304310,,Votação na generalidade,
304310,,Votação final global,"Texto Final apresentado pela Comissão de Orçamento, Finanças e Administração Pública relativo à Proposta de Lei n.º 31/XVI/1.ª (GOV)"
304310,,Requerimento dispensa do prazo previsto Artº 157 RAR,"Requerimento oral, apresentado pelo PSD, solicitando a dispensa de redação final e do prazo para apresentação de reclamações contra inexatidões relativamente ao Texto Final apresentado pela Comissão de Orçamento, Finanças e Administração Pública relativo à Proposta de Lei n.º 31/XVI/1.ª (GOV) "
314434,,Votação na generalidade,
314434,,Votação na especialidade,
314434,,Votação final global,
263495,,Votação na generalidade,
263495,,Votação final global,
263548,,Votação Deliberação,
263496,,Votação Deliberação,
263576,,Votação na generalidade,
263576,,Votação final global,
263588,,Votação na generalidade,
263588,,Votação final global,
263518,,Votação na generalidade,
263518,,Votação final global,Texto Final apresentado pela Comissão de Saúde
263498,,Votação na generalidade,
263838,,Votação na generalidade,
263838,,Votação final global,
263835,,Votação na generalidade,
263835,,Votação final global,"Texto Final apresentado pela Comissão de Educação e Ciência relativo aos Projetos de Resolução n.º 152/XVI/1.ª (PS), n.º 365/XVI/1.ª (PCP), n.º 371/XVI/1.ª (L) e n.º 375/XVI/1.ª (BE)"
263752,,Votação Deliberação,
263797,30135,Votação na generalidade,
263797,,Votação final global,
263766,,Votação na generalidade,
263890,,Votação na generalidade,
263890,,Votação final global,"Texto Final apresentado pela Comissão de Assuntos Constitucionais, Direitos, Liberdades e Garantias relativo aos Projetos de Resolução n.ºs 185/XVI/1.ª (BE) e 188/XVI/1.ª (PS) "
263775,,Votação na generalidade,
263713,30097,Votação na generalidade,
263778,,Votação na generalidade,
263780,40352,Votação na generalidade,
273914,,Votação na generalidade,
273914,,Votação final global,"Texto Final apresentado pela Comissão de Assuntos Constitucionais, Direitos, Liberdades e Garantias relativo ao Projeto de Resolução n.º 206/XVI/1.ª (PCP)"
263724,,Votação na generalidade,
263788,,Votação na generalidade,
263786,,Votação na generalidade,
273901,40371,Votação Deliberação,
273898,,Votação Deliberação,
263799,,Votação na generalidade,
283983,,Votação na generalidade,
283983,40884,Votação final global,
263798,,Votação na generalidade,
273905,,Votação Deliberação,
263873,,Votação Deliberação,
263824,,Votação Deliberação,
263858,30139,Votação na generalidade,
273902,40368,Votação na generalidade,
284069,,Votação na generalidade,
284069,,Votação final global,
273923,,Votação Deliberação,
284066,40891,Votação na generalidade,
284066,,Votação final global,
284077,,Votação na generalidade,
284077,,Votação final global,
284055,40902,Votação na generalidade,
284055,,Votação final global,
284020,,Votação Deliberação,
284058,,Votação na generalidade,
284058,,Votação final global,
273932,,Votação Deliberação,
294098,,Votação na generalidade,
294098,,Votação final global,
273937,,Votação Deliberação,
284080,,Votação na generalidade,
284080,40885,Votação final global,
294142,,Votação na generalidade,
294142,,Votação final global,
294099,,Votação Deliberação,
294124,,Votação na generalidade,
294124,,Votação final global,"Texto Final apresentado pela Comissão de Educação e Ciência relativo aos Projetos de Resolução n.º 323/XVI/1.ª (PS), n.º 326/XVI/1.ª (BE) e n.º 327/XVI/1.ª (PAN) "
283996,,Votação Deliberação,
294127,,Votação na generalidade,
294127,,Votação final global,
294135,,Votação na generalidade,
294135,,Votação final global,"Texto Final apresentado pela Comissão de Educação e Ciência relativo aos Projetos de Resolução n.º 323/XVI/1.ª (PS), n.º 326/XVI/1.ª (BE) e n.º 327/XVI/1.ª (PAN) "
284003,,Votação Deliberação,
284005,,Votação Deliberação,
294141,,Votação na generalidade,
294141,,Votação final global,
284036,40353,Votação na generalidade,
284008,,Votação Deliberação,
294101,40373,Votação na generalidade,
304203,,Votação na generalidade,
304203,,Votação final global,"Texto Final apresentado pela Comissão de Educação e Ciência relativo aos Projetos de Resolução n.º 151/XVI/1.ª (PS) e n.º 371/XVI/1.ª (L) e 
Texto Final apresentado pela Comissão de Educação e Ciência relativo aos Projetos de Resolução n.º 152/XVI/1.ª (PS), n.º 365/XVI/1.ª (PCP), n.º 371/XVI/1.ª (L) e n.º 375/XVI/1.ª (BE)"
304211,,Votação na generalidade,
304211,,Votação final global,"Texto Final apresentado pela Comissão de Educação e Ciência relativo aos Projetos de Resolução n.º 152/XVI/1.ª (PS), n.º 365/XVI/1.ª (PCP), n.º 371/XVI/1.ª (L) e n.º 375/XVI/1.ª (BE)"
284071,40349,Votação na generalidade,
304146,,Votação na generalidade,
304146,,Votação final global,
304262,,Votação na generalidade,
304262,,Votação final global,
304244,,Votação na generalidade,
304244,,Votação final global,
304248,,Votação na generalidade,
304248,,Votação final global,
304279,,Votação na generalidade,
304279,,Votação final global,"Texto Final apresentado pela Comissão de Economia, Obras Públicas e Habitação relativo aos Projetos de Resolução n.º 409/XVI/1.ª (PSD) e n.º 563/XVI/1.ª (CDS-PP) "
284095,,Votação na generalidade,
304273,,Votação Deliberação,
304158,,Votação na generalidade,
304274,,Votação Deliberação,
304323,,Votação na generalidade,
304323,,Votação final global,
304167,,Votação na generalidade,
304324,,Votação na generalidade,
304324,,Votação final global,"Texto Final apresentado pela Comissão de Orçamento, Finanças e Administração Pública relativo ao Projeto de Resolução n.º 441/XVI/1.ª (PSD)"
304270,,Votação na generalidade,
304193,,Votação na generalidade,
304319,40883,Votação Deliberação,
304291,,Votação Deliberação,
314407,,Votação na generalidade,
314407,,Votação final global,Texto Final apresentado pela Comissão de Negócios Estrangeiros e Comunidades Portuguesas
304212,,Votação na generalidade,
314397,,Votação Deliberação,
304266,,Votação Deliberação,
304303,,Votação na generalidade,
304239,40456,Votação na generalidade,
314415,,Votação na generalidade,
314415,,Votação final global,"Texto Final relativo aos Projetos de Resolução n.º 347/XVI/1.ª (PAN) e n.º 488/XVI/1.ª (PSD), apresentado pela Comissão de Assuntos Constitucionais, Direitos, Liberdades e Garantias"
314418,,Votação na generalidade,
314418,,Votação final global,"Texto final apresentado pela Comissão de Saúde relativo aos Projetos de Resolução n.º 477/XVI/1.ª (CH), n.º 478/XVI/1.ª (CH), n.º 490/XVI/1.ª (PS) e n.º 492/XVI/1.ª (IL) "
304292,,Votação Deliberação,
314425,,Votação na generalidade,
314425,,Votação final global,"Texto final apresentado pela Comissão de Saúde relativo aos Projetos de Resolução n.º 477/XVI/1.ª (CH), n.º 478/XVI/1.ª (CH), n.º 490/XVI/1.ª (PS) e n.º 492/XVI/1.ª (IL) "
304305,,Votação na generalidade,
304373,,Votação Deliberação,
304349,,Votação na generalidade,
304328,,Votação Deliberação,
304375,,Votação na generalidade,
314502,,Votação na generalidade,
314502,,Votação final global,"Texto Final relativo aos Projetos de Resolução n.º 528/XVI/1.ª (BE), n.º 541/XVI/1.ª (PAN) e n.º 552/XVI/1.ª (L), apresentado pela Comissão de Assuntos Constitucionais, Direitos, Liberdades e Garantias "
314403,,Votação Deliberação,
314440,,Votação na generalidade,
314440,,Requerimento avocação plenário,
314442,,Votação na generalidade,
314442,,Votação final global,Texto Final apresentado pela Comissão de Assuntos Europeus
304356,,Votação na generalidade,
304363,,Votação na generalidade,
304376,,Votação Deliberação,
314508,,Votação na generalidade,
314508,,Votação final global,
304342,,Votação Deliberação,
314511,,Votação na generalidade,
314511,,Votação final global,
314537,,Votação na generalidade,
314537,,Votação final global,"Texto Final relativo aos Projetos de Resolução n.º 528/XVI/1.ª (BE), n.º 541/XVI/1.ª (PAN) e n.º 552/XVI/1.ª (L), apresentado pela Comissão de Assuntos Constitucionais, Direitos, Liberdades e Garantias "
314490,,Votação Deliberação,
314461,,Votação Deliberação,
304352,,Votação na generalidade,
304354,,Votação na generalidade,
314528,,Votação na generalidade,
314528,,Votação final global,
314398,,Votação na generalidade,
314539,,Votação na generalidade,
314539,,Votação final global,
314433,,Votação Deliberação,
314492,,Votação na generalidade,
314543,,Votação na generalidade,
314543,,Votação final global,
314583,,Votação na generalidade,
314583,,Votação final global,Texto Final apresentado pela Comissão de Negócios Estrangeiros e Comunidades Portuguesas
314482,,Votação Deliberação,
314478,,Votação na generalidade,
314531,,Votação na generalidade,
314531,,Votação final global,
314562,,Votação Deliberação,
314455,,Votação Deliberação,
314547,,Votação na generalidade,
314547,,Votação final global,
314503,,Votação na generalidade,
314517,,Votação na generalidade,
314517,,Requerimento avocação plenário,
314572,,Votação na generalidade,
314573,,Votação na generalidade,
314499,,Votação na generalidade,
314466,,Votação na generalidade,
314669,,Votação na generalidade,
314669,,Votação final global,Texto Final apresentado pela Comissão de Negócios Estrangeiros e Comunidades Portuguesas
314552,,Votação na generalidade,
314552,,Votação final global,
314485,,Votação Deliberação,
314486,,Votação Deliberação,
314545,,Votação na generalidade,
314498,,Votação na generalidade,
314582,,Votação na generalidade,
314527,,Votação na generalidade,
314549,,Votação na generalidade,
314540,,Votação na generalidade,
314570,,Votação na generalidade,
314646,,Votação na generalidade,
263726,,Votação na generalidade,
263726,30102,Requerimento avocação plenário,
263726,,Votação na especialidade,
263726,,Votação final global,
263726,,Votação novo decreto,
314765,,Votação na generalidade,
314765,,Votação final global,
314575,,Votação Deliberação,
314768,,Votação na generalidade,
314768,,Votação final global,
314638,,Votação na generalidade,
314592,,Votação na generalidade,
314649,,Votação na generalidade,
314600,,Votação Deliberação,
314680,,Votação Deliberação,
314660,,Votação Deliberação,Votação por pontos requerida pelo BE
314770,,Votação na generalidade,
314770,,Votação final global,
314628,,Votação na generalidade,Rejeitado após dois empates.
314633,,Votação na generalidade,
314613,,Votação Deliberação,
314640,,Votação na generalidade,
314641,,Votação na generalidade,
314675,,Votação Deliberação,
314616,,Votação Deliberação,
314692,,Votação na generalidade,
314743,,Votação Deliberação,
314803,,Votação Deliberação,
314818,,Votação Deliberação,
314687,,Votação na generalidade,
314696,,Votação na generalidade,
314763,,Votação na generalidade,
314763,,Requerimento avocação plenário,
314742,,Votação na generalidade,
314745,,Votação na generalidade,
314810,,Votação na generalidade,
314783,,Votação na generalidade,
314783,,Votação final global,
314721,,Votação Deliberação,
314840,,Votação Deliberação,
314844,,Votação na generalidade,
314774,,Votação na generalidade,
314775,,Votação na generalidade,
314815,,Votação Deliberação,
314739,,Votação na generalidade,
314740,,Votação na generalidade,
314877,,Votação Deliberação,
314752,,Votação na generalidade,
263606,30090,Votação na generalidade,
263606,,Votação final global,
314802,,Votação Deliberação,
263610,,Votação na generalidade,
263610,30121,Votação final global,
314858,,Votação na generalidade,
314860,,Votação na generalidade,
314852,,Votação na generalidade,
314903,,Votação Deliberação,
314832,,Votação na generalidade,
314910,,Votação Deliberação,
314954,,Votação Deliberação,
314932,,Votação Deliberação,
314970,,Votação na generalidade,
314943,,Votação na generalidade,
263488,,Votação na generalidade,
263624,,Requerimento Baixa Comissão sem Votação (Generalidade),
263624,,Votação na generalidade,
263749,,Votação na generalidade,
263749,,Votação final global,
263525,,Votação na generalidade,
263605,,Requerimento Baixa Comissão sem Votação (Generalidade),
263520,,Votação na generalidade,
263521,,Votação na generalidade,
263524,,Votação na generalidade,
263679,,Votação na generalidade,
263532,,Votação na generalidade,
263854,,Requerimento Baixa Comissão sem Votação (Generalidade),"Requerimento, apresentado pela PSD solicitando a baixa à Comissão de Poder Local e Coesão Territorial, sem votação, por 30 dias, do Projeto de Lei n.º 189/XVI/1.ª (PSD)"
263854,,Votação na generalidade,
263854,,Votação na generalidade,
263854,,Votação na especialidade,
263854,,Votação final global,
263607,30091,Votação na generalidade,
315018,,Votação Deliberação,
263549,,Votação na generalidade,
263558,,Votação na generalidade,
263569,30113,Votação na generalidade,
263568,,Votação na generalidade,
263643,,Requerimento de adiamento de Votação (Generalidade),
263643,,Votação na generalidade,
263577,,Votação na generalidade,
263579,30115,Votação na generalidade,
263638,,Votação na generalidade,
263626,,Votação na generalidade,
263627,30026,Votação na generalidade,
263663,,Votação na generalidade,
263704,,Votação na generalidade,
273954,,Requerimento Baixa Comissão sem Votação (Generalidade),
263735,,Votação na generalidade,
263737,,Votação na generalidade,
263747,,Votação na generalidade,
263748,,Votação na generalidade,
263812,,Votação na generalidade,
263814,,Votação na generalidade,
263801,,Votação na generalidade,
294117,,Votação na generalidade,
294117,,Votação na especialidade,
294117,,Votação final global,
263813,,Votação na generalidade,
273921,,Votação na generalidade,
304153,,Votação na generalidade,
304153,,Votação final global,Texto final apresentado pela Comissão de Poder Local e Coesão Territorial  relativo ao Projeto de Lei n.º 300/XVI/1.ª (PCP)
263830,,Votação na generalidade,
263870,30125,Votação na generalidade,
263871,30126,Votação na generalidade,
304227,,Votação na generalidade,
304227,,Votação na especialidade,
304227,,Votação final global,
284062,,Votação na generalidade,
284062,,Requerimento avocação plenário,
294128,,Votação na generalidade,
294128,,Votação final global,
294128,,Requerimento dispensa redação final,
284009,,Votação na generalidade,
284047,40362,Votação na generalidade,
284057,40364,Votação na generalidade,
284068,40365,Votação na generalidade,
284081,,Votação na generalidade,
284093,,Votação na generalidade,
284094,40351,Votação na generalidade,
304180,,Votação na generalidade,
294133,,Votação na generalidade,
294121,,Votação na generalidade,
294122,,Votação na generalidade,
294138,,Votação na generalidade,
304148,,Votação na generalidade,
304286,,Votação na generalidade,
314495,,Votação na generalidade,
314495,,Votação final global,
314495,,Requerimento dispensa redação final,
294148,,Votação na generalidade,
304205,,Votação na generalidade,
304144,,Votação na generalidade,
304234,,Votação na generalidade,
314401,,Requerimento Baixa Comissão sem Votação (Generalidade),
304247,,Votação na generalidade,
314631,,Votação na generalidade,
304253,,Votação na generalidade,
304339,,Votação na generalidade,
304343,,Votação na generalidade,
314593,,Votação na generalidade,
314500,,Votação na generalidade,
314448,,Requerimento Baixa Comissão sem Votação (Generalidade),"Requerimento, apresentado pelo BE, solicitando a baixa à Comissão de Comissão de Trabalho, Segurança Social e Inclusão, sem votação, por 60 dias, do Projeto de Lei n.º 399/XVI/1.ª (BE)"
314448,,Votação na generalidade,
304384,,Votação na generalidade,
314558,,Votação na generalidade,
314417,,Votação na generalidade,
314480,,Votação na generalidade,
314758,,Votação na generalidade,
314755,,Votação na generalidade,
314755,,Votação final global,
314755,,Requerimento dispensa redação final,"Requerimento oral, apresentado pelo PAN, solicitando a dispensa de redação final e do prazo para apresentação de reclamações contra inexatidões relativamente ao Texto Final relativo ao Projeto de Lei n.º 521/XVI/1.ª (PAN)"
314472,,Votação na generalidade,
314579,,Requerimento Baixa Comissão sem Votação (Generalidade),"Requerimento, apresentado pela IL, solicitando a baixa à Comissão de Economia, Obras Públicas e Habitação, sem votação, por 60 dias, do Projeto de Lei n.º 448/XVI/1.ª (IL)"
314759,,Votação na generalidade,
314588,,Requerimento Baixa Comissão sem Votação (Generalidade),
314725,,Votação na generalidade,
314509,,Votação na generalidade,
314610,,Requerimento Baixa Comissão sem Votação (Generalidade),"Requerimento, apresentado pelo PSD, solicitando a baixa à Comissão de Economia, Obras Públicas e Habitação, sem votação, por 60 dias, do Projeto de Lei n.º 467/XVI/1.ª (PSD)"
314529,,Votação na generalidade,
314530,,Votação na generalidade,
314532,,Votação na generalidade,
314550,,Votação na generalidade,
314787,,Votação na generalidade,
314787,,Votação final global,
314652,,Votação na generalidade,
314778,,Votação na generalidade,
314690,,Requerimento Baixa Comissão sem Votação (Generalidade),"Requerimento, apresentado pela IL, solicitando a baixa à Comissão de Assuntos Constitucionais, Direitos, Liberdade e Garantias, sem votação, por 60 dias."
304155,,Votação Deliberação,Proposta de aditamento apresentada pelo PCP ao Inquérito Parlamentar n.º 8/XVI/1.ª (IL)
304155,,Votação Deliberação,
314891,,Votação na generalidade,
314879,,Votação na generalidade,
314864,,Votação na generalidade,
273961,,Votação Deliberação,
284085,,Votação Deliberação,
273968,,Votação na generalidade,
273968,,Votação final global,
263810,,Votação na generalidade,
263810,,Votação na especialidade,
263810,,Votação final global,
263810,,Requerimento dispensa do prazo previsto Artº 157 RAR,
304299,,Votação na generalidade,
304299,,Votação na especialidade,
304299,,Votação final global,
304299,,Requerimento dispensa do prazo previsto Artº 157 RAR,
314571,,Votação na generalidade,
304223,,Votação na generalidade,
263503,30100,Votação na generalidade,
263503,,Votação final global,
263560,,Votação na generalidade,
263560,,Votação final global,
284012,,Votação na generalidade,
273925,,Votação na generalidade,
263646,,Votação Deliberação,
263482,,Votação Deliberação,
263539,,Votação Deliberação,
263544,,Votação Deliberação,
263497,,Votação na generalidade,
263718,,Votação na generalidade,
263718,,Votação final global,
263791,30134,Votação na generalidade,
263791,,Votação final global,
263852,,Votação na generalidade,
263852,,Votação final global,Texto final apresentado pela Comissão de Agricultura e Pescas relativo ao Projeto de Resolução n.º 160/XVI/1.ª (PSD)
263784,,Votação na generalidade,
263784,40374,Votação final global,
263834,,Votação na generalidade,
263834,,Votação final global,Texto Final apresentado pela Comissão de Educação e Ciência relativo aos Projetos de Resolução n.º 151/XVI/1.ª (PS) e n.º 371/XVI/1.ª (L)
263867,,Votação na generalidade,
284029,,Votação na generalidade,
284029,,Votação final global,"Texto Final apresentado pela Comissão de Assuntos Constitucionais, Direitos, Liberdades e Garantias"
263843,,Votação na generalidade,
273908,,Votação Deliberação,
263863,,Votação na generalidade,
263891,,Votação Deliberação,
263877,,Votação na generalidade,
283980,,Votação Deliberação,
263878,,Votação na generalidade,
273892,,Votação na generalidade,
263883,,Votação na generalidade,
283997,,Votação Deliberação,
273976,,Requerimento de adiamento de Votação,
273976,,Votação Deliberação,
263888,,Votação na generalidade,
273951,,Votação na generalidade,
284065,40903,Votação na generalidade,
284065,,Votação final global,
273934,,Votação Deliberação,
273935,,Votação Deliberação,
294107,40907,Votação na generalidade,
294107,,Votação final global,
284079,40892,Votação na generalidade,
284079,,Votação final global,
284075,,Votação na generalidade,
284075,,Votação final global,
273962,,Votação na generalidade,
283992,,Votação Deliberação,
294111,,Votação na generalidade,
284076,,Votação na generalidade,
304189,,Votação na generalidade,
304189,,Votação final global,Texto final apresentado pela Comissão de Agricultura e Pescas relativo ao Projeto de Resolução n.º 363/XVI/1.ª (PCP)
304145,,Votação na generalidade,
304195,,Votação na generalidade,
304195,,Votação final global,Texto final apresentado pela Comissão de Agricultura e Pescas relativo ao Projeto de Resolução n.º 366/XVI/1.ª (CDS-PP)
304171,,Votação na generalidade,
304171,,Votação final global,"Texto Final apresentado pela Comissão de Trabalho, Segurança Social e Inclusão "
284059,40369,Votação na generalidade,
304229,,Votação na generalidade,
304229,,Votação final global,"Texto Final apresentado pela Comissão de Trabalho, Segurança Social e Inclusão relativo aos Projetos de Resolução n.ºs 383/XVI/1.ª (BE) e 423/XVI/1.ª (PS) "
304230,40433,Votação na generalidade,
304230,40886,Votação final global,
304200,,Votação na generalidade,
304200,,Votação final global,"Texto final apresentado pela Comissão de Saúde relativo aos Projetos de Resolução n.º 298/XVI/1.ª (CDS-PP), n.º 350/XVI/1.ª (PAN), n.º 361/XVI/1.ª (PCP), n.º 368/XVI/1.ª (L) e n.º 377/XVI/1.ª (BE) "
304268,,Votação na generalidade,
304268,,Votação final global,"Texto Final apresentado pela Comissão de Cultura, Comunicação, Juventude e Desporto relativo aos Projetos de Resolução n.ºs 400/XVI/1.ª (PCP) e 418/XVI/1.ª (PS)"
304281,,Votação na generalidade,
304281,,Votação final global,
304216,,Votação Deliberação,
304152,,Votação Deliberação,
304151,,Votação Deliberação,
304311,,Votação na generalidade,
304311,,Votação final global,
304317,,Votação na generalidade,
304317,,Votação final global,Texto Final apresentado pela Comissão de Negócios Estrangeiros e Comunidades Portuguesas
304272,,Votação na generalidade,
304168,,Votação na generalidade,
304169,,Votação na generalidade,
304259,,Votação Deliberação,
314399,,Requerimento de adiamento de Votação,
314399,,Votação final global,"Texto final apresentado pela Comissão de Saúde relativo aos Projetos de Resolução n.º 477/XVI/1.ª (CH), n.º 478/XVI/1.ª (CH), n.º 490/XVI/1.ª (PS) e n.º 492/XVI/1.ª (IL) "
314400,,Requerimento de adiamento de Votação,
314400,,Votação final global,"Texto final apresentado pela Comissão de Saúde relativo aos Projetos de Resolução n.º 477/XVI/1.ª (CH), n.º 478/XVI/1.ª (CH), n.º 490/XVI/1.ª (PS) e n.º 492/XVI/1.ª (IL) "
304182,40908,Votação na generalidade,
304184,,Votação na generalidade,
304355,,Votação na generalidade,
304355,,Votação final global,"Texto final apresentado pela Comissão de Saúde relativo aos Projetos de Resolução n.º 242/XVI/1.ª (CH), n.º 446/XVI/1.ª (PS), n.º 454/XVI/1.ª (PAN), n.º 457/XVI/1.ª (PCP) e n.º 460/XVI/1.ª (L)"
304264,,Votação na generalidade,
304304,,Votação Deliberação,
304306,,Votação na generalidade,
304330,,Votação na generalidade,
304336,,Votação na generalidade,
314474,,Votação na generalidade,
314474,,Votação final global,Texto Final apresentado pela Comissão de Negócios Estrangeiros e Comunidades Portuguesas
304348,,Votação na generalidade,
304368,,Votação na generalidade,
304362,,Votação Deliberação,
304326,,Votação Deliberação,
304341,,Votação na generalidade,
314416,,Votação Deliberação,
314430,,Votação Deliberação,
314412,,Votação na generalidade,
314464,,Votação na generalidade,
314605,,Votação na generalidade,
314605,,Votação final global,
314538,,Votação Deliberação,
314452,,Votação Deliberação,
314520,,Votação Deliberação,
314501,,Votação na generalidade,
314563,,Votação Deliberação,
314488,,Votação Deliberação,
314506,,Votação na generalidade,
314473,,Votação na generalidade,
314651,,Votação na generalidade,
314651,,Votação final global,"Texto Final apresentado pela Comissão de Orçamento, Finanças e Administração Pública"
314594,,Votação na generalidade,
314580,,Votação na generalidade,
314524,,Votação na generalidade,
314534,,Votação na generalidade,
314566,,Votação Deliberação,
314664,,Votação na generalidade,
314665,,Votação na generalidade,
314666,,Votação na generalidade,
314668,,Votação na generalidade,
314644,,Requerimento Baixa Comissão sem Votação (Generalidade),"Requerimento, apresentado pelo CDS-PP, solicitando a baixa à Comissão de Assuntos Constitucionais, Direitos, Liberdade e Garantias, sem votação, por 30 dias"
314623,,Votação na generalidade,
314625,,Votação na generalidade,
314624,,Requerimento Baixa Comissão sem Votação (Generalidade),"Requerimento, apresentado pelo PAN, solicitando a baixa à Comissão de Assuntos Constitucionais, Direitos, Liberdade e Garantias, sem votação, por 90 dias"
314636,,Votação na generalidade,
314639,,Requerimento Baixa Comissão sem Votação (Generalidade),"Requerimento, apresentado pelo L, solicitando a baixa à Comissão de Assuntos Constitucionais, Direitos, Liberdade e Garantias, sem votação, por 30 dias"
314581,,Votação na generalidade,
314584,,Votação na generalidade,
314614,,Votação Deliberação,
314678,,Votação Deliberação,
314650,,Votação na generalidade,
314693,,Votação na generalidade,
314694,,Requerimento Baixa Comissão sem Votação (Generalidade),"Requerimento, apresentado pela IL, solicitando a baixa à Comissão de Assuntos Constitucionais, Direitos, Liberdade e Garantias, sem votação, por 60 dias."
314729,,Votação na generalidade,
314737,,Votação na generalidade,
314737,,Votação final global,
314764,,Votação na generalidade,
263613,30025,Votação na generalidade,
263613,,Votação final global,
314780,,Votação na generalidade,
314781,,Votação na generalidade,
314784,,Votação na generalidade,
314839,,Votação Deliberação,
314880,,Votação na generalidade,
314868,,Votação Deliberação,
314926,,Votação na generalidade,
314904,,Votação Deliberação,
314905,,Votação Deliberação,
263584,30117,Votação na generalidade,
263584,,Votação final global,"Texto Final relativo ao Projeto de Lei n.º 60/XVI/1.ª (L), apresentado pela Comissão de Saúde"
314878,,Votação Deliberação,
314945,,Votação na generalidade,
263487,,Votação na generalidade,
263729,,Votação na generalidade,
263729,,Votação final global,
263489,,Votação na generalidade,
263490,,Votação na generalidade,
263538,,Requerimento Baixa Comissão sem Votação (Generalidade),"Requerimento, apresentado pela IL, solicitando a baixa à Comissão de Orçamento, Finanças e Administração Pública, sem votação, por 60 dias, do Projeto de Lei n.º 39/XVI/1.ª (IL)"
263750,,Votação na generalidade,
263750,,Votação final global,
263519,,Votação na generalidade,
263604,,Requerimento Baixa Comissão sem Votação (Generalidade),
315003,,Votação Deliberação,
263609,30093,Votação na generalidade,
263694,,Votação na generalidade,
263694,,Votação final global,
263694,,Requerimento dispensa redação final,
263771,,Votação na generalidade,
263771,,Requerimento avocação plenário,
263771,,Votação final global,
263771,,Requerimento dispensa redação final,
263637,,Votação na generalidade,
263722,,Requerimento Baixa Comissão sem Votação (Generalidade),
263722,,Votação na generalidade,
263770,30112,Votação na generalidade,
263770,,Votação na especialidade,
263770,,Votação final global,
263770,,Requerimento dispensa do prazo previsto Artº 157 RAR,
263836,,Votação na generalidade,
263836,,Requerimento avocação plenário,
263836,,Votação final global,
263633,30027,Votação na generalidade,
263739,,Requerimento de adiamento de Votação (Generalidade),
263739,,Votação na generalidade,
263743,,Requerimento Baixa Comissão sem Votação (Generalidade),
263743,,Votação na generalidade,
263656,,Votação na generalidade,
263666,,Votação na generalidade,
263846,,Votação na generalidade,
263660,,Votação na generalidade,
284051,,Votação na generalidade,
284051,,Votação final global,
263804,,Votação na generalidade,
263753,,Votação na generalidade,
263758,,Votação na generalidade,
263756,,Votação na generalidade,
263861,,Requerimento Baixa Comissão sem Votação (Generalidade),
263861,,Votação na generalidade,
304322,,Votação na generalidade,
304322,,Votação final global,
284063,,Votação na generalidade,
284063,,Votação final global,
284063,,Requerimento dispensa redação final,
273916,40911,Votação na generalidade,
273953,,Requerimento Baixa Comissão sem Votação (Generalidade),
273927,,Votação na generalidade,
304320,,Votação na generalidade,
304320,,Votação final global,
294139,,Votação na generalidade,
294139,,Votação final global,"Texto Final relativo ao Projeto de Lei n.º 287/XVI/1.ª (L), apresentado pela Comissão de Saúde "
304228,,Votação na generalidade,
304228,,Votação na especialidade,
304228,,Votação final global,
304252,,Votação na generalidade,
304252,,Votação final global,Texto Final apresentado pela Comissão de Educação e Ciência
294114,,Requerimento Baixa Comissão sem Votação (Generalidade),
284056,,Votação na generalidade,
284043,,Votação na generalidade,
284046,,Votação na generalidade,
284038,,Votação na generalidade,
284067,,Votação na generalidade,
304199,40916,Votação na generalidade,
304199,,Votação final global,"Texto Final apresentado pela Comissão de Trabalho, Segurança Social e Inclusão relativo aos Projetos de Lei n.º 305/XVI/1.ª (PAN) e n.º 316/XVI/1.ª (L) "
304157,,Requerimento Baixa Comissão sem Votação (Generalidade),
304157,,Votação na generalidade,
294137,,Votação na generalidade,
294126,,Votação na generalidade,
294129,,Votação na generalidade,
304163,,Requerimento Baixa Comissão sem Votação (Generalidade),
304142,,Votação na generalidade,
314402,41005,Votação na generalidade,
304241,,Votação na generalidade,
304190,,Votação na generalidade,
304197,40914,Votação na generalidade,
314596,,Votação na generalidade,
314596,,Votação final global,
314596,,Requerimento dispensa redação final,
304198,,Votação na generalidade,
314449,,Requerimento Baixa Comissão sem Votação (Generalidade),"Requerimento, apresentado pelo BE, solicitando a baixa à Comissão de Comissão de Trabalho, Segurança Social e Inclusão, sem votação, por 60 dias, do Projeto de Lei n.º 400/XVI/1.ª (BE)"
314449,,Votação na generalidade,
304226,,Votação na generalidade,
304358,,Votação na generalidade,
314411,,Requerimento Baixa Comissão sem Votação (Generalidade),
314411,,Votação na generalidade,
304392,,Requerimento Baixa Comissão sem Votação (Generalidade),
304392,,Requerimento Baixa Comissão sem Votação (Generalidade),
314632,,Votação na generalidade,
304251,,Votação na generalidade,
304334,,Votação na generalidade,
304351,,Votação na generalidade,
314469,,Votação na generalidade,
314760,,Votação na generalidade,
314420,,Votação na generalidade,
314420,,Requerimento avocação plenário,
304382,,Votação na generalidade,
314423,,Votação na generalidade,
304383,,Votação na generalidade,
314413,,Votação na generalidade,
314453,,Votação na generalidade,
314476,,Votação na generalidade,
314424,,Requerimento Baixa Comissão sem Votação (Generalidade),
314393,,Votação na generalidade,
314467,,Votação na generalidade,
314723,,Votação na generalidade,
314421,,Votação na generalidade,
314718,,Votação na generalidade,
314477,,Votação na generalidade,
304327,,Votação Deliberação,
284025,,Votação Deliberação,
284014,,Votação na generalidade,
284014,,Votação na especialidade,
284014,,Votação final global,
314677,,Votação na generalidade,
314677,,Votação na especialidade,
314677,,Votação final global,
314677,,Requerimento dispensa do prazo previsto Artº 157 RAR,
314405,,Votação global,
284013,,Votação na generalidade,
263585,30119,Votação na generalidade,
263662,,Votação na generalidade,
263641,,Votação na generalidade,
263651,,Votação na generalidade,
263599,,Votação na generalidade,
263869,30129,Votação na generalidade,
263869,,Votação final global,"Texto Final apresentado pela Comissão de Assuntos Constitucionais, Direitos, Liberdades e Garantias relativo ao Projeto de Resolução n.º 173/XVI/1.ª (CH)"
263603,,Votação na generalidade,
263600,,Votação na generalidade,
263628,,Votação na generalidade,
263673,40367,Votação na generalidade,
263644,,Votação Deliberação,
263631,,Votação na generalidade,
263839,,Votação na generalidade,
263839,,Votação final global,
263693,,Votação na generalidade,
263862,,Votação na generalidade,
263862,,Votação final global,
263688,,Votação Deliberação,
263695,,Votação Deliberação,
263720,,Votação na generalidade,
263727,,Votação Deliberação,
263738,,Votação Deliberação,
273920,,Votação na generalidade,
273920,,Votação final global,
273896,,Votação Deliberação,
263745,,Votação na generalidade,
263802,,Votação na generalidade,
273963,,Votação na generalidade,
273963,,Votação final global,Texto final apresentado pela Comissão de Poder Local e Coesão Territorial  relativo ao Projeto de Resolução n.º 232/XVI/1.ª (L)
283982,,Votação na generalidade,
283982,,Votação final global,"Texto final apresentado pela Comissão de Saúde relativo aos Projetos de Resolução n.º 242/XVI/1.ª (CH), n.º 446/XVI/1.ª (PS), n.º 454/XVI/1.ª (PAN), n.º 457/XVI/1.ª (PCP) e n.º 460/XVI/1.ª (L)"
283985,40906,Votação na generalidade,
283985,,Votação final global,
263831,,Votação na generalidade,
263793,,Votação na generalidade,
263795,,Votação na generalidade,
263841,,Votação na generalidade,
273907,,Votação Deliberação,
273906,,Votação Deliberação,
273936,,Votação Deliberação,
284037,,Votação na generalidade,
284037,,Votação final global,
284001,40889,Votação na generalidade,
284001,,Votação final global,
263881,,Votação na generalidade,
284040,40890,Votação na generalidade,
284040,,Votação final global,
284010,,Votação Deliberação,
304165,,Votação na generalidade,
304165,,Votação final global,
304170,,Votação na generalidade,
304170,,Votação final global,"Texto Final relativo aos Projetos de Resolução n.º 347/XVI/1.ª (PAN) e n.º 488/XVI/1.ª (PSD), apresentado pela Comissão de Assuntos Constitucionais, Direitos, Liberdades e Garantias"
304172,,Votação na generalidade,
304172,,Votação final global,Texto final apresentado pela Comissão de Agricultura e Pescas relativo ao Projeto de Resolução n.º 349/XVI/1.ª (PAN)
304187,,Votação na generalidade,
304187,,Votação final global,"Texto final apresentado pela Comissão de Saúde relativo aos Projetos de Resolução n.º 298/XVI/1.ª (CDS-PP), n.º 350/XVI/1.ª (PAN), n.º 361/XVI/1.ª (PCP), n.º 368/XVI/1.ª (L) e n.º 377/XVI/1.ª (BE) "
294110,,Votação na generalidade,
284039,40901,Votação na generalidade,
304185,40909,Votação na generalidade,
304185,,Votação final global,
294119,,Votação na generalidade,
294119,,Votação final global,
304188,,Votação na generalidade,
304188,,Votação final global,
304194,,Votação na generalidade,
304194,,Votação final global,"Texto Final apresentado pela Comissão de Educação e Ciência relativo aos Projetos de Resolução n.º 152/XVI/1.ª (PS), n.º 365/XVI/1.ª (PCP), n.º 371/XVI/1.ª (L) e n.º 375/XVI/1.ª (BE)"
284054,40354,Votação na generalidade,
294102,,Votação na generalidade,
304196,,Votação na generalidade,
304196,,Votação final global,Texto final apresentado pela Comissão de Educação e Ciência relativo ao Projeto de Resolução n.º 367/XVI/1.ª (CDS-PP)
304201,40910,Votação na generalidade,
304201,,Votação final global,
294103,,Votação na generalidade,
284064,40355,Votação na generalidade,
314429,,Votação Deliberação,
314518,,Votação na generalidade,
314518,,Votação final global,
314414,,Votação na generalidade,
304378,,Votação na generalidade,
314535,,Votação na generalidade,
314535,,Votação final global,
314536,,Votação na generalidade,
314536,,Votação final global,
314406,,Votação Deliberação,
314463,,Votação na generalidade,
314410,,Votação Deliberação,
304389,,Votação na generalidade,
314553,,Votação na generalidade,
314553,,Votação final global,
314843,,Votação na generalidade,
314779,,Votação na generalidade,
314738,,Votação na generalidade,
314786,,Votação na generalidade,
314741,,Votação na generalidade,
314846,,Votação Deliberação,
314751,,Votação na generalidade,
263689,,Votação na generalidade,
263781,,Requerimento de adiamento de Votação (Generalidade),
263781,,Votação na generalidade,
273966,,Votação na generalidade,
273966,,Votação final global,
273966,,Requerimento dispensa redação final,
263782,,Requerimento Baixa Comissão sem Votação (Generalidade),
263822,,Votação na generalidade,
263542,,Votação Deliberação,
263800,,Votação na generalidade,
263800,,Votação na especialidade,
263800,,Votação final global,
263800,,Requerimento dispensa do prazo previsto Artº 157 RAR,
304237,,Votação na generalidade,
263586,,Votação na generalidade,
263586,,Votação final global,
263589,,Votação Deliberação,
263655,,Votação na generalidade,
263655,,Votação final global,
263564,,Votação Deliberação,
263668,,Votação na generalidade,
263668,,Votação final global,
263590,,Votação Deliberação,
263484,,Votação na generalidade,
263502,30111,Votação Deliberação,
263671,,Votação na generalidade,
263671,,Votação final global,
263514,,Votação na generalidade,
263517,,Votação na generalidade,
263636,,Votação Deliberação,
263501,30110,Votação Deliberação,
263764,,Votação na generalidade,
263764,,Votação final global,
263776,30132,Votação na generalidade,
263776,,Votação final global,
263561,,Votação Deliberação,
263716,,Votação na generalidade,
263716,,Votação final global,
263541,,Votação Deliberação,
263696,,Votação Deliberação,
263719,,Votação na generalidade,
263719,,Votação final global,
263785,,Votação na generalidade,
263785,,Votação final global,
263741,,Votação na generalidade,
263741,,Votação final global,
263640,,Votação na generalidade,
263757,,Votação na generalidade,
263757,,Votação final global,
263783,,Votação na generalidade,
263783,,Votação final global,
263620,,Votação Deliberação,
263571,30118,Votação na generalidade,
314883,,Votação na generalidade,
314491,,Votação Deliberação,
314507,,Votação na generalidade,
314504,,Votação na generalidade,
314647,,Votação na generalidade,
314642,,Votação na generalidade,
314516,,Votação na generalidade,
314533,,Votação na generalidade,
314542,,Votação na generalidade,
314458,,Requerimento avocação plenário,"Requerimento apresentado pelo BE, de avocação pelo Plenário da votação na especialidade das propostas de alteração aos n.ºs 2 e 3 do artigo 72.º-B do Texto Final apresentado pela Comissão de Economia, Obras Públicas e Habitação relativo à Apreciação Parlamentar n.º 6/XVI/1.ª (BE, PCP, L e PAN)"
314458,,Votação na especialidade,
314458,,Votação final global,"Texto Final apresentado pela Comissão de Economia, Obras Públicas e Habitação relativo à Apreciação Parlamentar n.º 6/XVI/1.ª (BE, PCP, L e PAN) -"
314557,,Votação na generalidade,
263732,,Votação Deliberação,
314726,,Votação na generalidade,
314689,,Requerimento Baixa Comissão sem Votação (Generalidade),"Requerimento, apresentado pela IL, solicitando a baixa à Comissão de Assuntos Constitucionais, Direitos, Liberdade e Garantias, sem votação, por 60 dias"
314591,,Votação na generalidade,
314629,,Votação na generalidade,
314885,,Votação na generalidade,
314727,,Votação na generalidade,
314744,,Votação na generalidade,
314732,,Votação na generalidade,
314788,,Votação na generalidade,
314691,,Requerimento Baixa Comissão sem Votação (Generalidade),"Requerimento, apresentado pela IL, solicitando a baixa à Comissão de Assuntos Constitucionais, Direitos, Liberdade e Garantias, sem votação, por 60 dias."
314761,,Requerimento Baixa Comissão sem Votação (Generalidade),"Requerimento, apresentado pelo PAN, solicitando a baixa à Comissão de Comissão de Trabalho, Segurança Social e Inclusão, sem votação, por 60 dias, do Projeto de Lei n.º 527/XVI/1.ª (PAN)"
314761,,Votação na generalidade,
314746,,Votação na generalidade,
315020,,Votação na generalidade,
315020,,Votação na especialidade,
315020,,Votação final global,
263619,,Votação Deliberação,
314754,,Votação na generalidade,
314762,,Votação na generalidade,
263765,,Votação Deliberação,
314866,,Votação na generalidade,
263563,,Votação Deliberação,
263597,,Votação Deliberação,
263829,,Votação Deliberação,
314850,,Votação Deliberação,
314753,,Votação na generalidade,
263821,,Votação Deliberação,
263547,,Votação Deliberação,
263522,,Votação Deliberação,
273956,30104,Votação Deliberação,
